,0
0,
1,3rd-edition
2,4th-edition
3,5th-edition
4,6th-edition
5,7th-edition
6,8th-edition
7,9th-edition
8,10th-edition
9,2010-core-set
10,2011-core-set
11,2012-core-set
12,2013-core-set
13,2014-core-set
14,2015-core-set
15,adventures-in-the-forgotten-realms
16,adventures-in-the-forgotten-realms-commander-decks
17,adventures-in-the-forgotten-realms-commander-decks-variants
18,adventures-in-the-forgotten-realms-variants
19,aether-revolt
20,alara-reborn
21,alliances
22,alpha
23,amonkhet
24,anthologies
25,antiquities
26,apocalypse
27,arabian-nights
28,archenemy
29,archenemy-nicol-bolas
30,avacyn-restored
31,battle-for-zendikar
32,battle-royale
33,battlebond
34,beatdown
35,beta
36,betrayers-of-kamigawa
37,born-of-the-gods
38,card-kingdom-tokens
39,challenger-decks-2018
40,challenger-decks-2019
41,challenger-decks-2020
42,challenger-decks-2021
43,challenger-decks-2022
44,champions-of-kamigawa
45,chronicles
46,coldsnap
47,coldsnap-theme-decks
48,collectors-ed
49,collectors-ed-intl
50,commander
51,commander-2013
52,commander-2014
53,commander-2015
54,commander-2016
55,commander-2017
56,commander-2018
57,commander-2019
58,commander-2020
59,commander-2021
60,commander-2021-variants
61,commander-anthology
62,commander-anthology-vol-ii
63,commander-collection-black
64,commander-collection-green
65,commander-legends
66,commander-legends-variants
67,commander-legends-battle-for-baldurs-gate
68,commander-legends-battle-for-baldurs-gate-variants
69,commanders-arsenal
70,conflux
71,conspiracy
72,conspiracy-take-the-crown
73,core-set-2019
74,core-set-2020
75,core-set-2021
76,core-set-2021-variants
77,dark-ascension
78,darksteel
79,deckmaster
80,dissension
81,dominaria
82,dominaria-remastered
83,dominaria-remastered-variants
84,dominaria-united
85,dominaria-united-commander-decks
86,dominaria-united-commander-decks-variants
87,dominaria-united-variants
88,double-masters
89,double-masters-2022
90,double-masters-2022-variants
91,double-masters-box-toppers
92,dragons-maze
93,dragons-of-tarkir
94,duel-decks-ajani-vs-nicol-bolas
95,duel-decks-anthology
96,duel-decks-blessed-vs-cursed
97,duel-decks-divine-vs-demonic
98,duel-decks-elspeth-vs-kiora
99,duel-decks-elspeth-vs-tezzeret
100,duel-decks-elves-vs-goblins
101,duel-decks-elves-vs-inventors
102,duel-decks-garruk-vs-liliana
103,duel-decks-heroes-vs-monsters
104,duel-decks-izzet-vs-golgari
105,duel-decks-jace-vs-chandra
106,duel-decks-jace-vs-vraska
107,duel-decks-knights-vs-dragons
108,duel-decks-merfolk-vs-goblins
109,duel-decks-mind-vs-might
110,duel-decks-nissa-vs-ob-nixilis
111,duel-decks-phyrexia-vs-the-coalition
112,duel-decks-sorin-vs-tibalt
113,duel-decks-speed-vs-cunning
114,duel-decks-venser-vs-koth
115,duel-decks-zendikar-vs-eldrazi
116,duels-of-the-planeswalkers
117,eldritch-moon
118,eternal-masters
119,eventide
120,exodus
121,explorers-of-ixalan
122,fallen-empires
123,fate-reforged
124,fifth-dawn
125,from-the-vault-angels
126,from-the-vault-annihilation
127,from-the-vault-dragons
128,from-the-vault-exiled
129,from-the-vault-legends
130,from-the-vault-lore
131,from-the-vault-realms
132,from-the-vault-relics
133,from-the-vault-transform
134,from-the-vault-twenty
135,future-sight
136,game-night
137,game-night-2019
138,game-night-free-for-all
139,gatecrash
140,gift-pack-2017
141,global-series-jiang-yanggu-mu-yanling
142,guildpact
143,guilds-of-ravnica
144,guilds-of-ravnica-guild-kits
145,homelands
146,hour-of-devastation
147,ice-age
148,iconic-masters
149,ikoria-lair-of-behemoths
150,ikoria-lair-of-behemoths-variants
151,innistrad
152,innistrad-crimson-vow
153,innistrad-crimson-vow-commander-decks
154,innistrad-crimson-vow-commander-decks-variants
155,innistrad-crimson-vow-variants
156,innistrad-double-feature
157,innistrad-midnight-hunt
158,innistrad-midnight-hunt-commander-decks
159,innistrad-midnight-hunt-commander-decks-variants
160,innistrad-midnight-hunt-variants
161,invasion
162,ixalan
163,journey-into-nyx
164,judgment
165,jumpstart
166,jumpstart-2022
167,kaladesh
168,kaldheim
169,kaldheim-commander-decks
170,kaldheim-variants
171,kamigawa-neon-dynasty
172,kamigawa-neon-dynasty-commander-decks
173,kamigawa-neon-dynasty-commander-decks-variants
174,kamigawa-neon-dynasty-variants
175,khans-of-tarkir
176,legends
177,legions
178,lorwyn
179,magic-30th-anniversary-edition
180,magic-origins
181,march-of-the-machine
182,march-of-the-machine-commander-decks
183,march-of-the-machine-commander-decks-variants
184,march-of-the-machine-variants
185,march-of-the-machine-the-aftermath
186,march-of-the-machine-the-aftermath-variants
187,masterpiece-series-expeditions
188,masterpiece-series-inventions
189,masterpiece-series-invocations
190,masterpiece-series-mythic-edition
191,masters-25
192,mercadian-masques
193,mirage
194,mirrodin
195,mirrodin-besieged
196,modern-event-deck
197,modern-horizons
198,modern-horizons-retro-frames
199,modern-horizons-2
200,modern-horizons-2-variants
201,modern-masters
202,modern-masters-2015
203,modern-masters-2017
204,morningtide
205,multiverse-legends
206,mystery-booster-the-list
207,nemesis
208,new-phyrexia
209,oath-of-the-gatewatch
210,odyssey
211,onslaught
212,phyrexia-all-will-be-one
213,phyrexia-all-will-be-one-commander-decks
214,phyrexia-all-will-be-one-commander-decks-variants
215,phyrexia-all-will-be-one-variants
216,pioneer-challenger-decks-2021
217,pioneer-challenger-decks-2022
218,planar-chaos
219,planechase
220,planechase-2012
221,planechase-anthology
222,planeshift
223,portal
224,portal-3k
225,portal-ii
226,premium-deck-series-fire-lightning
227,premium-deck-series-graveborn
228,premium-deck-series-slivers
229,promo-pack
230,promotional
231,prophecy
232,ravnica
233,ravnica-allegiance
234,ravnica-allegiance-guild-kits
235,return-to-ravnica
236,rise-of-the-eldrazi
237,rivals-of-ixalan
238,saviors-of-kamigawa
239,scars-of-mirrodin
240,scourge
241,secret-lair
242,shadowmoor
243,shadows-over-innistrad
244,shards-of-alara
245,signature-spellbook-chandra
246,signature-spellbook-gideon
247,signature-spellbook-jace
248,starter-1999
249,starter-2000
250,starter-commander-decks
251,starter-kits
252,streets-of-new-capenna
253,streets-of-new-capenna-commander-decks
254,streets-of-new-capenna-commander-decks-variants
255,streets-of-new-capenna-variants
256,strixhaven-mystical-archive
257,strixhaven-mystical-archive-jpn
258,strixhaven-school-of-mages
259,strixhaven-school-of-mages-variants
260,stronghold
261,tempest
262,the-brothers-war
263,the-brothers-war-commander-decks
264,the-brothers-war-commander-decks-variants
265,the-brothers-war-retro-artifacts
266,the-brothers-war-variants
267,the-dark
268,theros
269,theros-beyond-death
270,theros-beyond-death-variants
271,throne-of-eldraine
272,throne-of-eldraine-variants
273,time-spiral
274,time-spiral-remastered
275,timeshifted
276,torment
277,ultimate-box-topper
278,ultimate-masters
279,unfinity
280,unfinity-variants
281,unglued
282,unhinged
283,universes-beyond-transformers
284,universes-beyond-warhammer-40000
285,unlimited
286,unsanctioned
287,unstable
288,urzas-destiny
289,urzas-legacy
290,urzas-saga
291,vanguard
292,visions
293,war-of-the-spark
294,war-of-the-spark-jpn-planeswalkers
295,weatherlight
296,world-championships
297,worldwake
298,zendikar
299,zendikar-rising
300,zendikar-rising-commander-decks
301,zendikar-rising-expeditions
302,zendikar-rising-variants
